{"mean_reward": 257.58487932182044, "std_reward": 21.304365575486106, "is_deterministic": true, "n_eval_episodes": 10, "eval_datetime": "2023-05-13T10:09:46.176356"}